[{
    "datacenter": "Seattle",
    "dashboards": [{
        "name": "SEA Logins Success/Failure Trend",
        "url": "https://chart-embed.service.newrelic.com/herald/5bb05b03-8146-4f3c-9cb4-8cfe1b7c97c1?height=400px&timepicker=true",
        "keywords": "login",
        "query": "SELECT count(*) FROM Transaction WHERE appName = 'SEA-PR1-CTEAUT' EXTRAPOLATE TIMESERIES 5 minutes SLIDE BY 1 minute SINCE 3 hours ago FACET CASES(WHERE endpoint = 'ls.record.login' AS 'Login Success', WHERE endpoint = 'ls.record.failure' AS 'Login Failed')",
        "account": {"name": "Shared_Platform_Services", "id": 1301887},
        "mobile": false,
        "presentation": {
            "login-success": {
                "color": "#1189a3",
                "strokeWidth": 2,
                "fillOpacity": 0.75
            }, "login-failed": {
                "color": "#649640",
                "strokeWidth": 1,
                "fillOpacity": 0.75
            },
            "other": {
                "color": "#1189a3",
                "strokeWidth": 1,
                "fillOpacity": 0.75
            }
        }
    }, {
        "name": "SEA Report Submits Trend (Today vs Last week)",
        "url": "https://chart-embed.service.newrelic.com/herald/d12bae74-e0e5-4c87-b297-809c01c9abc2?height=400px&timepicker=true",
        "keywords": "expense",
        "query": "SELECT count(*) AS 'Report Submits' FROM Transaction WHERE appName = 'SEA-PR1-EMT' AND name = 'WebTransaction/RequestAttribute/SubmitReport' TIMESERIES 5 minutes SLIDE BY 1 minute SINCE 3 hours ago COMPARE WITH 1 week ago EXTRAPOLATE",
        "account": {"name": "Concur_Spend_Management", "id": 1301883},
        "mobile": false,
        "presentation": {
            "report-submits": {
                "color": "#a35ebf",
                "strokeWidth": 1.25,
                "fillOpacity": 0
            },
            "previous-report-submits": {
                "color": "#f86e40",
                "strokeWidth": 1,
                "fillOpacity": 0
            }
        }
    }, {
        "name": "SEA Request Submits Trend (Today vs Last week)",
        "url": "https://chart-embed.service.newrelic.com/herald/d3f9e214-611c-4f7b-956e-b41956c3be22?height=400px&timepicker=true",
        "keywords": "request",
        "query": "SELECT count(*) AS 'Request Submits' FROM Transaction WHERE appName = 'SEA-PR1-EMT' AND name = 'WebTransaction/RequestAttribute/SubmitARHeader' TIMESERIES 5 minutes SLIDE BY 1 minute SINCE 3 hours ago COMPARE WITH 1 week ago EXTRAPOLATE",
        "account": {"name": "Concur_Spend_Management", "id": 1301883},
        "mobile": false,
        "presentation": {
            "request-submits": {
                "color": "#e354af",
                "strokeWidth": 1.25,
                "fillOpacity": 0
            },
            "previous-request-submits": {
                "color": "#4fc7b5",
                "strokeWidth": 1,
                "fillOpacity": 0
            }
        }
    }, {
        "name": "SEA Invoice Submits Request Trend (Today vs Last week)",
        "url": "https://chart-embed.service.newrelic.com/herald/53aa5005-b7b9-41c2-a29a-b8471c9befef?height=400px&timepicker=true",
        "keywords": "invoice",
        "query": "SELECT count(*) AS 'Invoice Submit Requests' FROM Transaction WHERE appName = 'SEA-PR1-IMT' AND name LIKE 'WebTransaction/RequestAttribute/SubmitRequest' EXTRAPOLATE TIMESERIES 5 minutes SLIDE BY 1 minute SINCE 3 hours ago COMPARE WITH 1 week ago",
        "account": {"name": "Concur_Spend_Management", "id": 1301883},
        "mobile": false,
        "presentation": {
            "invoice-submit-requests": {
                "color": "#14b3d4",
                "strokeWidth": 1.25,
                "fillOpacity": 0
            },
            "previous-invoice-submit-requests": {
                "color": "#84c855",
                "strokeWidth": 1,
                "fillOpacity": 0
            }
        }
    }, {
        "name": "SEA OAuth2 non-2xx HTTP Response Code Trend",
        "datacenter": "Seattle",
        "url": "https://chart-embed.service.newrelic.com/herald/1f5fbc50-f6fb-4ca4-b2f5-2088f6dcdeb4?height=400px&timepicker=true",
        "keywords": "auth",
        "query": "SELECT count(*) FROM Transaction WHERE appName = 'SEA-PR1-OAUTH2' AND httpResponseCode NOT LIKE '2%%' TIMESERIES 5 minutes SLIDE BY 1 minute SINCE 3 hours ago FACET httpResponseCode EXTRAPOLATE",
        "account": {"name": "Shared_Platform_Services", "id": 1301887},
        "mobile": false,
        "presentation": {
            "403": {
                "color": "#c11583",
                "strokeWidth": 1,
                "fillOpacity": 0.75
            },
            "400": {
                "color": "#46d2ef",
                "strokeWidth": 1,
                "fillOpacity": 0.75
            },
            "302": {
                "color": "#a4e278",
                "strokeWidth": 1,
                "fillOpacity": 0.75
            },
            "500": {
                "color": "#ff926e",
                "strokeWidth": 1,
                "fillOpacity": 0.75
            },
            "503": {
                "color": "#8e1061",
                "strokeWidth": 1,
                "fillOpacity": 0.75
            },
            "301": {
                "color": "#50c8b6",
                "strokeWidth": 1,
                "fillOpacity": 0.75
            },
            "other": {
                "color": "#1189a3",
                "strokeWidth": 1,
                "fillOpacity": 0.75
            }
        }
    }, {
        "name": "SEA Travel Bookings Trend (Today vs Last week)",
        "url": "https://chart-embed.service.newrelic.com/herald/9102244f-c95d-4ed9-a818-ea7c8ba0c67f?height=400px&timepicker=true",
        "keywords": "travel",
        "query": "SELECT count(*) AS 'Bookings' FROM Transaction WHERE appName like 'SEA-PR%' AND name in('WebTransaction/ASP/airsell.aspx', 'WebTransaction/ASP/carsell.aspx', 'WebTransaction/ASP/hotelsell.aspx') EXTRAPOLATE TIMESERIES 5 minutes SLIDE BY 1 minute SINCE 3 hours ago COMPARE WITH 1 week ago",
        "account": {"name": "Concur_Travel", "id": 1301884},
        "mobile": false,
        "presentation": {
            "bookings": {
                "color": "#22a693",
                "strokeWidth": 1.25,
                "fillOpacity": 0
            },
            "previous-bookings": {
                "color": "#fec21e",
                "strokeWidth": 1,
                "fillOpacity": 0
            }
        }
    }, {
        "name": "SEA Mobile Overall Login Success vs Failed Trend",
        "url": "https://chart-embed.service.newrelic.com/herald/8ff4052b-1564-4164-9a07-26f8ff45e7f9?height=400px&timepicker=true",
        "keywords": "login",
        "query": "SELECT uniqueCount(requestUuid) FROM MobileRequest, MobileRequestError WHERE requestDomain = 'www.concursolutions.com' AND appName IN ('ConcurMobile Android', 'ConcurMobile iOS') AND requestPath like '%Login%' TIMESERIES 5 minutes SLIDE BY 1 minute SINCE 3 hours ago FACET cases(WHERE statusCode = 200 AS 'SUCCESS', WHERE statusCode > 403 AS 'FAILED')",
        "account": {"name": "Concur_Shared", "id": 1280715},
        "mobile": true,
        "presentation": {
            "success": {
                "color": "#1088a2",
                "strokeWidth": 1.25,
                "fillOpacity": 0.75
            }, "failed": {
                "color": "#649640",
                "strokeWidth": 1,
                "fillOpacity": 0.75
            },
            "other": {
                "color": "#1189a3",
                "strokeWidth": 1,
                "fillOpacity": 0.75
            }
        }
    }, {
        "name": "SEA Mobile Report Submits Trend (Today vs Last week)",
        "url": "https://chart-embed.service.newrelic.com/herald/d6b72434-83b1-46af-9d26-c5a59c80c482?height=400px&timepicker=true",
        "keywords": "expense",
        "query": "SELECT count(*) AS 'Report Submits' FROM Transaction  WHERE appName = 'SEA-PR1-ERS' AND name = 'WebTransaction/SpringController/expensereports/v4/users/{userID}/context/{contextType}/reports/{reportId}/submit (PATCH)' AND request.headers.userAgent LIKE 'Concur Mobile%' OR request.headers.userAgent LIKE 'Corporate%' TIMESERIES 5 minutes SLIDE BY 1 minute SINCE 3 hours ago COMPARE WITH 1 week ago EXTRAPOLATE",
        "account": {"name": "Concur_Spend_Management", "id": 1301883},
        "mobile": true,
        "presentation": {
            "report-submits": {
                "color": "#a25ebf",
                "strokeWidth": 1.25,
                "fillOpacity": 0
            },
            "previous-report-submits": {
                "color": "#f86e40",
                "strokeWidth": 1,
                "fillOpacity": 0
            }
        }
    }, {
        "name": "SEA Mobile Travel Bookings Trend (Good vs Bad)",
        "url": "https://chart-embed.service.newrelic.com/herald/05694afd-fc8e-40c1-80e1-2c0267ae40d1?height=400px&timepicker=true",
        "keywords": "travel",
        "query": "SELECT count(*) FROM Transaction WHERE appName = 'SEA-PR1-MUI' AND name in ('WebTransaction/MVC/AirController/SellV2', 'WebTransaction/MVC/CarController/BookCar', 'WebTransaction/MVC/HotelController/HotelSellOptions_V1.0', 'WebTransaction/MVC/RailController/AmtrakSell') TIMESERIES 5 minutes SLIDE BY 1 minute SINCE 3 hours ago COMPARE WITH 1 week ago EXTRAPOLATE",
        "account": {"name": "Concur_Shared", "id": 1280715},
        "mobile": true,
        "presentation": {
            "transactions": {
                "color": "#c35733",
                "strokeWidth": 1.25,
                "fillOpacity": 0
            },
            "previous-transactions": {
                "color": "#177264",
                "strokeWidth": 1,
                "fillOpacity": 0
            }
        }
    }]
}, {
    "datacenter": "Paris",
    "dashboards": [{
        "name": "PAR Logins Success/Failure Trend",
        "url": "https://chart-embed.service.newrelic.com/herald/96e677d9-f863-43ee-affb-33ea4d322227?height=400px&timepicker=true",
        "keywords": "login",
        "query": "SELECT count(*) FROM Transaction WHERE appName = 'PAR-PR1-CTEAUT' EXTRAPOLATE TIMESERIES 5 minutes SLIDE BY 1 minute SINCE 3 hours ago FACET CASES(WHERE endpoint = 'ls.record.login' AS 'Login Success', WHERE endpoint = 'ls.record.failure' AS 'Login Failed')",
        "account": {"name": "Shared_Platform_Services", "id": 1301887},
        "mobile": false,
        "presentation": {
            "login-success": {
                "color": "#1189a3",
                "strokeWidth": 2,
                "fillOpacity": 0.75
            }, "login-failed": {
                "color": "#649640",
                "strokeWidth": 1,
                "fillOpacity": 0.75
            },
            "other": {
                "color": "#1189a3",
                "strokeWidth": 1,
                "fillOpacity": 0.75
            }
        }
    }, {
        "name": "PAR Report Submits Trend (Today vs Last week)",
        "url": "https://chart-embed.service.newrelic.com/herald/2106ea96-23d0-40c8-b0cb-04cf1307d8a2?height=400px&timepicker=true",
        "keywords": "expense",
        "query": "SELECT count(*) AS 'Report Submits' FROM Transaction WHERE appName = 'PAR-PR1-EMT' AND name = 'WebTransaction/RequestAttribute/SubmitReport' TIMESERIES 5 minutes SLIDE BY 1 minute SINCE 3 hours ago COMPARE WITH 1 week ago EXTRAPOLATE",
        "account": {"name": "Concur_Spend_Management", "id": 1301883},
        "mobile": false,
        "presentation": {
            "report-submits": {
                "color": "#a35ebf",
                "strokeWidth": 1.25,
                "fillOpacity": 0
            },
            "previous-report-submits": {
                "color": "#f86e40",
                "strokeWidth": 1,
                "fillOpacity": 0
            }
        }
    }, {
        "name": "PAR Request Submits Trend (Today vs Last week)",
        "url": "https://chart-embed.service.newrelic.com/herald/93bc572a-4472-4aeb-a377-4c467e29d9be?height=400px&timepicker=true",
        "keywords": "request",
        "query": "SELECT count(*) AS 'Request Submits' FROM Transaction WHERE appName = 'PAR-PR1-EMT' AND name = 'WebTransaction/RequestAttribute/SubmitARHeader' TIMESERIES 5 minutes SLIDE BY 1 minute SINCE 3 hours ago COMPARE WITH 1 week ago EXTRAPOLATE",
        "account": {"name": "Concur_Spend_Management", "id": 1301883},
        "mobile": false,
        "presentation": {
            "request-submits": {
                "color": "#e354af",
                "strokeWidth": 1.25,
                "fillOpacity": 0
            },
            "previous-request-submits": {
                "color": "#4fc7b5",
                "strokeWidth": 1,
                "fillOpacity": 0
            }
        }
    }, {
        "name": "PAR Invoice Submits Request Trend (Today vs Last week)",
        "url": "https://chart-embed.service.newrelic.com/herald/ebc296f6-5222-4ae7-89fe-7951cd2b3e46?height=400px&timepicker=true",
        "keywords": "invoice",
        "query": "SELECT count(*) AS 'Invoice Submit Requests' FROM Transaction WHERE appName = 'PAR-PR1-IMT' AND name LIKE 'WebTransaction/RequestAttribute/SubmitRequest' EXTRAPOLATE TIMESERIES 5 minutes SLIDE BY 1 minute SINCE 6 hours ago COMPARE WITH 1 week ago",
        "account": {"name": "Concur_Spend_Management", "id": 1301883},
        "mobile": false,
        "presentation": {
            "invoice-submit-requests": {
                "color": "#14b3d4",
                "strokeWidth": 1.25,
                "fillOpacity": 0
            },
            "previous-invoice-submit-requests": {
                "color": "#84c855",
                "strokeWidth": 1,
                "fillOpacity": 0
            }
        }
    }, {
        "name": "PAR OAuth2 non-2xx HTTP Response Code Trend",
        "url": "https://chart-embed.service.newrelic.com/herald/19a7029a-24e0-4714-bb76-af364af223ff?height=400px&timepicker=true",
        "keywords": "auth",
        "query": "SELECT count(*) FROM Transaction WHERE appName = 'PAR-PR1-OAUTH2' AND httpResponseCode NOT LIKE '2%%' TIMESERIES 5 minutes SLIDE BY 1 minute SINCE 3 hours ago FACET httpResponseCode EXTRAPOLATE",
        "account": {"name": "Shared_Platform_Services", "id": 1301887},
        "mobile": false,
        "presentation": {
            "403": {
                "color": "#c11583",
                "strokeWidth": 1,
                "fillOpacity": 0.75
            },
            "400": {
                "color": "#46d2ef",
                "strokeWidth": 1,
                "fillOpacity": 0.75
            },
            "302": {
                "color": "#a4e278",
                "strokeWidth": 1,
                "fillOpacity": 0.75
            },
            "500": {
                "color": "#ff926e",
                "strokeWidth": 1,
                "fillOpacity": 0.75
            },
            "503": {
                "color": "#8e1061",
                "strokeWidth": 1,
                "fillOpacity": 0.75
            },
            "301": {
                "color": "#50c8b6",
                "strokeWidth": 1,
                "fillOpacity": 0.75
            },
            "other": {
                "color": "#1189a3",
                "strokeWidth": 1,
                "fillOpacity": 0.75
            }
        }
    }, {
        "name": "PAR Travel Bookings Trend (Today vs Last week)",
        "url": "https://chart-embed.service.newrelic.com/herald/07687f01-226d-439d-ad31-37306bc1db0f?height=400px&timepicker=true",
        "keywords": "travel",
        "query": "SELECT count(*) AS 'Bookings' FROM Transaction WHERE appName like 'PAR-PR%' AND name in('WebTransaction/ASP/airsell.aspx', 'WebTransaction/ASP/carsell.aspx', 'WebTransaction/ASP/hotelsell.aspx') EXTRAPOLATE TIMESERIES 5 minutes SLIDE BY 1 minute SINCE 3 hours ago COMPARE WITH 1 week ago",
        "account": {"name": "Concur_Travel", "id": 1301884},
        "mobile": false,
        "presentation": {
            "bookings": {
                "color": "#22a693",
                "strokeWidth": 1.25,
                "fillOpacity": 0
            },
            "previous-bookings": {
                "color": "#fec21e",
                "strokeWidth": 1,
                "fillOpacity": 0
            }
        }
    }, {
        "name": "PAR Mobile Overall Login Success vs Failed Trend",
        "url": "https://chart-embed.service.newrelic.com/herald/ac1d99f9-585b-4a06-a066-ff2a560de6a0?height=400px&timepicker=true",
        "keywords": "login",
        "query": "SELECT uniqueCount(requestUuid) FROM MobileRequest, MobileRequestError WHERE requestDomain = 'eu1.concursolutions.com' AND appName IN ('ConcurMobile Android', 'ConcurMobile iOS') AND requestPath like '%Login%' TIMESERIES 5 minutes SLIDE BY 1 minute SINCE 3 hours ago FACET cases(WHERE statusCode = 200 AS 'SUCCESS', WHERE statusCode > 403 AS 'FAILED')",
        "account": {"name": "Concur_Shared", "id": 1280715},
        "mobile": true,
        "presentation": {
            "success": {
                "color": "#1088a2",
                "strokeWidth": 1.25,
                "fillOpacity": 0.75
            }, "failed": {
                "color": "#649640",
                "strokeWidth": 1,
                "fillOpacity": 0.75
            },
            "other": {
                "color": "#1189a3",
                "strokeWidth": 1,
                "fillOpacity": 0.75
            }
        }
    }, {
        "name": "PAR Mobile Report Submits Trend (Today vs Last week)",
        "url": "https://chart-embed.service.newrelic.com/herald/096be142-bd07-4787-96cd-319ea562c7f8?height=400px&timepicker=true",
        "keywords": "expense",
        "query": "SELECT count(*) AS 'Report Submits' FROM Transaction  WHERE appName = 'PAR-PR1-ERS' AND name = 'WebTransaction/SpringController/expensereports/v4/users/{userID}/context/{contextType}/reports/{reportId}/submit (PATCH)' AND request.headers.userAgent LIKE 'Concur Mobile%' OR request.headers.userAgent LIKE 'Corporate%' TIMESERIES 5 minutes SLIDE BY 1 minute SINCE 3 hours ago COMPARE WITH 1 week ago EXTRAPOLATE",
        "account": {"name": "Concur_Spend_Management", "id": 1301883},
        "mobile": true,
        "presentation": {
            "report-submits": {
                "color": "#a25ebf",
                "strokeWidth": 1.25,
                "fillOpacity": 0
            },
            "previous-report-submits": {
                "color": "#f86e40",
                "strokeWidth": 1,
                "fillOpacity": 0
            }
        }
    }, {
        "name": "PAR Mobile Travel Bookings Trend (Good vs Bad)",
        "url": "https://chart-embed.service.newrelic.com/herald/0ab8bd5d-3c43-41ba-ba63-cc2b008c45a7?height=400px&timepicker=true",
        "keywords": "travel",
        "query": "SELECT count(*) FROM Transaction WHERE appName = 'PAR-PR1-MUI' AND name in ('WebTransaction/MVC/AirController/SellV2', 'WebTransaction/MVC/CarController/BookCar', 'WebTransaction/MVC/HotelController/HotelSellOptions_V1.0', 'WebTransaction/MVC/RailController/AmtrakSell') TIMESERIES 5 minutes SLIDE BY 1 minute SINCE 3 hours ago COMPARE WITH 1 week ago EXTRAPOLATE",
        "account": {"name": "Concur_Shared", "id": 1280715},
        "mobile": true,
        "presentation": {
            "transactions": {
                "color": "#c35733",
                "strokeWidth": 1.25,
                "fillOpacity": 0
            },
            "previous-transactions": {
                "color": "#177264",
                "strokeWidth": 1,
                "fillOpacity": 0
            }
        }
    }]
}, {
    "datacenter": "China",
    "dashboards": [{
        "name": "BEI Logins Success/Failure Trend",
        "url": "https://chart-embed.service.newrelic.com/herald/d97139ed-f1ed-4f4e-becb-cf4b48571e38?height=400px&timepicker=true",
        "keywords": "login",
        "query": "SELECT count(*) FROM Transaction WHERE appName = 'BEI-PR1-CTEAUT' EXTRAPOLATE TIMESERIES 5 minutes SLIDE BY 1 minute SINCE 3 hours ago FACET CASES(WHERE endpoint = 'ls.record.login' AS 'Login Success', WHERE endpoint = 'ls.record.failure' AS 'Login Failed')",
        "account": {"name": "Shared_Platform_Services", "id": 1301887},
        "mobile": false,
        "presentation": {
            "login-success": {
                "color": "#1189a3",
                "strokeWidth": 2,
                "fillOpacity": 0.75
            }, "login-failed": {
                "color": "#649640",
                "strokeWidth": 1,
                "fillOpacity": 0.75
            },
            "other": {
                "color": "#1189a3",
                "strokeWidth": 1,
                "fillOpacity": 0.75
            }
        }
    }, {
        "name": "BEI Report Submits Trend (Today vs Last week)",
        "url": "https://chart-embed.service.newrelic.com/herald/e98221e9-6030-45de-ab2d-7bbcdbd82f45?height=400px&timepicker=true",
        "keywords": "expense",
        "query": "SELECT count(*) AS 'Report Submits' FROM Transaction WHERE appName = 'BEI-PR1-EMT' AND name = 'WebTransaction/RequestAttribute/SubmitReport' TIMESERIES 5 minutes SLIDE BY 1 minute SINCE 3 hours ago COMPARE WITH 1 week ago EXTRAPOLATE",
        "account": {"name": "Concur_Spend_Management", "id": 1301883},
        "mobile": false,
        "presentation": {
            "report-submits": {
                "color": "#a35ebf",
                "strokeWidth": 1.25,
                "fillOpacity": 0
            },
            "previous-report-submits": {
                "color": "#f86e40",
                "strokeWidth": 1,
                "fillOpacity": 0
            }
        }
    }, {
        "name": "BEI Request Submits Trend (Today vs Last week)",
        "url": "https://chart-embed.service.newrelic.com/herald/2a28a3b6-22e2-433a-a4df-8c836e0aa0e9?height=400px&timepicker=true",
        "keywords": "request",
        "query": "SELECT count(*) AS 'Request Submits' FROM Transaction WHERE appName = 'BEI-PR1-EMT' AND name = 'WebTransaction/RequestAttribute/SubmitARHeader' TIMESERIES 5 minutes SLIDE BY 1 minute SINCE 3 hours ago COMPARE WITH 1 week ago EXTRAPOLATE",
        "account": {"name": "Concur_Spend_Management", "id": 1301883},
        "mobile": false,
        "presentation": {
            "request-submits": {
                "color": "#e354af",
                "strokeWidth": 1.25,
                "fillOpacity": 0
            },
            "previous-request-submits": {
                "color": "#4fc7b5",
                "strokeWidth": 1,
                "fillOpacity": 0
            }
        }
    }, {
        "name": "BEI OAuth2 non-2xx HTTP Response Code Trend",
        "url": "https://chart-embed.service.newrelic.com/herald/7bc2a0b0-e98c-4a7a-8519-0bdfd1f2cca4?height=400px&timepicker=true",
        "keywords": "auth",
        "query": "SELECT count(*) FROM Transaction WHERE appName = 'BEI-PR1-OAUTH2' AND httpResponseCode NOT LIKE '2%%' TIMESERIES 5 minutes SLIDE BY 1 minute SINCE 3 hours ago FACET httpResponseCode EXTRAPOLATE ",
        "account": {"name": "Shared_Platform_Services", "id": 1301887},
        "mobile": false,
        "presentation": {
            "403": {
                "color": "#c11583",
                "strokeWidth": 1,
                "fillOpacity": 0.75
            },
            "400": {
                "color": "#46d2ef",
                "strokeWidth": 1,
                "fillOpacity": 0.75
            },
            "302": {
                "color": "#a4e278",
                "strokeWidth": 1,
                "fillOpacity": 0.75
            },
            "500": {
                "color": "#ff926e",
                "strokeWidth": 1,
                "fillOpacity": 0.75
            },
            "503": {
                "color": "#8e1061",
                "strokeWidth": 1,
                "fillOpacity": 0.75
            },
            "301": {
                "color": "#50c8b6",
                "strokeWidth": 1,
                "fillOpacity": 0.75
            },
            "other": {
                "color": "#1189a3",
                "strokeWidth": 1,
                "fillOpacity": 0.75
            }
        }
    }, {
        "name": "BEI Mobile Overall Login Success vs Failed Trend",
        "url": "https://chart-embed.service.newrelic.com/herald/a3323c81-e7cf-4633-8e19-ce6e07c89515?height=400px&timepicker=true",
        "keywords": "login",
        "query": "SELECT uniqueCount(requestUuid) FROM MobileRequest, MobileRequestError WHERE requestDomain = 'www.concurcdc.cn' AND appName IN ('ConcurMobile Android', 'ConcurMobile iOS') AND requestPath like '%Login%' TIMESERIES 5 minutes SLIDE BY 1 minute SINCE 3 hours ago FACET cases(WHERE statusCode = 200 AS 'SUCCESS', WHERE statusCode > 403 AS 'FAILED')",
        "account": {"name": "Concur_Shared", "id": 1280715},
        "mobile": true,
        "presentation": {
            "success": {
                "color": "#1088a2",
                "strokeWidth": 1.25,
                "fillOpacity": 0.75
            }, "failed": {
                "color": "#649640",
                "strokeWidth": 1,
                "fillOpacity": 0.75
            },
            "other": {
                "color": "#1189a3",
                "strokeWidth": 1,
                "fillOpacity": 0.75
            }
        }
    }, {
        "name": "BEI Mobile Report Submits Trend (Today vs Last week)",
        "url": "https://chart-embed.service.newrelic.com/herald/547c475c-2e6e-48eb-ad9d-2a26dd264193?height=400px&timepicker=true",
        "keywords": "expense",
        "query": "SELECT count(*) AS 'Report Submits' FROM Transaction WHERE appName = 'BEI-PR1-ERS' AND name = 'WebTransaction/SpringController/WorkflowActionsController/submitReport' AND request.headers.userAgent LIKE 'Concur Mobile%' OR request.headers.userAgent LIKE 'Corporate%' TIMESERIES 5 minutes SLIDE BY 1 minute SINCE 3 hours ago COMPARE WITH 1 week ago EXTRAPOLATE",
        "account": {"name": "Concur_Spend_Management", "id": 1301883},
        "mobile": true,
        "presentation": {
            "report-submits": {
                "color": "#a25ebf",
                "strokeWidth": 1.25,
                "fillOpacity": 0
            },
            "previous-report-submits": {
                "color": "#f86e40",
                "strokeWidth": 1,
                "fillOpacity": 0
            }
        }
    }]
}, {
    "datacenter": "US2",
    "dashboards": [{
        "name": "US2 Logins Success/Failure Trend",
        "url": "https://chart-embed.service.newrelic.com/herald/e610142e-12c0-402e-96c9-842af405d136?height=400px&timepicker=true",
        "keywords": "login",
        "query": "SELECT count(*) FROM Transaction WHERE appName = 'core-cte-authn' EXTRAPOLATE TIMESERIES 5 minutes SLIDE BY 1 minute SINCE 3 hours ago FACET CASES(WHERE endpoint = 'ls.record.login' AS 'Login Success', WHERE endpoint = 'ls.record.failure' AS 'Login Failed')",
        "account": {"name": "concur_us2", "id": 3111936},
        "mobile": false,
        "presentation": {
            "login-success": {
                "color": "#1189a3",
                "strokeWidth": 2,
                "fillOpacity": 0.75
            }, "login-failed": {
                "color": "#649640",
                "strokeWidth": 1,
                "fillOpacity": 0.75
            },
            "other": {
                "color": "#1189a3",
                "strokeWidth": 1,
                "fillOpacity": 0.75
            }
        }
    }, {
        "name": "US2 Report Submits Trend (Today vs Last week)",
        "url": "https://chart-embed.service.newrelic.com/herald/a0ecf5e5-9b24-42d2-8930-19c1c6321bb0?height=400px&timepicker=true",
        "keywords": "expense",
        "query": "SELECT count(*) AS 'Report Submits' FROM Transaction WHERE appName = 'expense-stable-emt' AND name = 'WebTransaction/RequestAttribute/SubmitReport' TIMESERIES 5 minutes SLIDE BY 1 minute SINCE 3 hours ago COMPARE WITH 1 week ago EXTRAPOLATE",
        "account": {"name": "concur_us2", "id": 3111936},
        "mobile": false,
        "presentation": {
            "report-submits": {
                "color": "#a35ebf",
                "strokeWidth": 1.25,
                "fillOpacity": 0
            },
            "previous-report-submits": {
                "color": "#f86e40",
                "strokeWidth": 1,
                "fillOpacity": 0
            }
        }
    }, {
        "name": "US2 Request Submits Trend (Today vs Last week)",
        "url": "https://chart-embed.service.newrelic.com/herald/12d5dbdb-c6b0-4160-a376-97fd65f7210e?height=400px&timepicker=true",
        "keywords": "request",
        "query": "SELECT count(*) FROM Transaction WHERE appName = 'expense-stable-emt' AND name = 'WebTransaction/RequestAttribute/SubmitARHeader' TIMESERIES 5 minutes SLIDE BY 1 minute SINCE 3 hours ago COMPARE WITH 1 week ago EXTRAPOLATE",
        "account": {"name": "concur_us2", "id": 3111936},
        "mobile": false,
        "presentation": {
            "transactions": {
                "color": "#e354af",
                "strokeWidth": 1.25,
                "fillOpacity": 0
            },
            "previous-transactions": {
                "color": "#4fc7b5",
                "strokeWidth": 1,
                "fillOpacity": 0
            }
        }
    }, {
        "name": "US2 Invoice Submits Request Trend (Today vs Last week)",
        "url": "https://chart-embed.service.newrelic.com/herald/d85acb12-950a-4147-8637-83b535a2bcc6?height=400px&timepicker=true",
        "keywords": "invoice",
        "query": "SELECT count(*) AS 'Invoice Submit Requests' FROM Transaction WHERE appName = 'expense-stable-imt' AND name LIKE 'WebTransaction/RequestAttribute/SubmitRequest' EXTRAPOLATE TIMESERIES 5 minutes SLIDE BY 1 minute SINCE 3 hours ago COMPARE WITH 1 week ago",
        "account": {"name": "concur_us2", "id": 3111936},
        "mobile": false,
        "presentation": {
            "invoice-submit-requests": {
                "color": "#14b3d4",
                "strokeWidth": 1.25,
                "fillOpacity": 0
            },
            "previous-invoice-submit-requests": {
                "color": "#84c855",
                "strokeWidth": 1,
                "fillOpacity": 0
            }
        }
    }, {
        "name": "US2 OAuth2 non-2xx HTTP Response Code Trend",
        "url": "https://chart-embed.service.newrelic.com/herald/6b6ce91e-df3b-4b8c-af8b-1dad505503f8?height=400px&timepicker=true",
        "keywords": "auth",
        "query": "SELECT count(*) FROM Transaction WHERE appName = 'core-oauth2' AND httpResponseCode NOT LIKE '2%%' TIMESERIES 5 minutes SLIDE BY 1 minute SINCE 3 hours ago FACET httpResponseCode EXTRAPOLATE",
        "account": {"name": "concur_us2", "id": 3111936},
        "mobile": false,
        "presentation": {
            "403": {
                "color": "#c11583",
                "strokeWidth": 1,
                "fillOpacity": 0.75
            },
            "400": {
                "color": "#46d2ef",
                "strokeWidth": 1,
                "fillOpacity": 0.75
            },
            "302": {
                "color": "#a4e278",
                "strokeWidth": 1,
                "fillOpacity": 0.75
            },
            "500": {
                "color": "#ff926e",
                "strokeWidth": 1,
                "fillOpacity": 0.75
            },
            "503": {
                "color": "#8e1061",
                "strokeWidth": 1,
                "fillOpacity": 0.75
            },
            "301": {
                "color": "#50c8b6",
                "strokeWidth": 1,
                "fillOpacity": 0.75
            },
            "other": {
                "color": "#1189a3",
                "strokeWidth": 1,
                "fillOpacity": 0.75
            }
        }
    }, {
        "name": "US2 Travel Bookings Trend (Today vs Last week)",
        "url": "https://chart-embed.service.newrelic.com/herald/fbb8f5c4-78f2-45f2-a12b-e86987daef5e?height=400px&timepicker=true",
        "keywords": "travel",
        "query": "SELECT count(*) AS 'Bookings' FROM Transaction WHERE name in('WebTransaction/ASP/airsell.aspx', 'WebTransaction/ASP/carsell.aspx', 'WebTransaction/ASP/hotelsell.aspx') EXTRAPOLATE TIMESERIES 5 minutes SLIDE BY 1 minute SINCE 3 hours ago COMPARE WITH 1 week ago",
        "account": {"name": "concur_us2", "id": 3111936},
        "mobile": false,
        "presentation": {
            "bookings": {
                "color": "#22a693",
                "strokeWidth": 1.25,
                "fillOpacity": 0
            },
            "previous-bookings": {
                "color": "#fec21e",
                "strokeWidth": 1,
                "fillOpacity": 0
            }
        }
    }]
}, {
    "datacenter": "EU2",
    "dashboards": [{
        "name": "EU2 Logins Success/Failure Trend",
        "url": "https://chart-embed.service.newrelic.com/herald/ecd6d0c2-73d6-4b9c-b4c2-e6e4c41ac786?height=400px&timepicker=true",
        "keywords": "login",
        "query": "SELECT count(*) FROM Transaction WHERE appName = 'core-cte-authn' EXTRAPOLATE TIMESERIES 5 minutes SLIDE BY 1 minute SINCE 3 hours ago FACET CASES(WHERE endpoint = 'ls.record.login' AS 'Login Success', WHERE endpoint = 'ls.record.failure' AS 'Login Failed')",
        "account": {"name": "concur_eu2", "id": 3111938},
        "mobile": false,
        "presentation": {
            "login-success": {
                "color": "#1189a3",
                "strokeWidth": 2,
                "fillOpacity": 0.75
            }, "login-failed": {
                "color": "#649640",
                "strokeWidth": 1,
                "fillOpacity": 0.75
            },
            "other": {
                "color": "#1189a3",
                "strokeWidth": 1,
                "fillOpacity": 0.75
            }
        }
    }, {
        "name": "EU2 Report Submits Trend (Today vs Last week)",
        "url": "https://chart-embed.service.newrelic.com/herald/a6d4d259-8b42-41ba-8990-e2dc88723e7f?height=400px&timepicker=true",
        "keywords": "expense",
        "query": "SELECT count(*) AS 'Report Submits' FROM Transaction WHERE appName = 'expense-stable-emt' AND name = 'WebTransaction/RequestAttribute/SubmitReport' TIMESERIES 5 minutes SLIDE BY 1 minute SINCE 3 hours ago COMPARE WITH 1 week ago EXTRAPOLATE",
        "account": {"name": "concur_eu2", "id": 3111938},
        "mobile": false,
        "presentation": {
            "report-submits": {
                "color": "#a35ebf",
                "strokeWidth": 1.25,
                "fillOpacity": 0
            },
            "previous-report-submits": {
                "color": "#f86e40",
                "strokeWidth": 1,
                "fillOpacity": 0
            }
        }
    }, {
        "name": "EU2 Request Submits Trend (Today vs Last week)",
        "url": "https://chart-embed.service.newrelic.com/herald/fae582a7-ca48-4f3e-a462-7a33f2b9314e?height=400px&timepicker=true",
        "keywords": "request",
        "query": "SELECT count(*) FROM Transaction WHERE appName = 'expense-stable-emt' AND name = 'WebTransaction/RequestAttribute/SubmitARHeader' TIMESERIES 5 minutes SLIDE BY 1 minute SINCE 3 hours ago COMPARE WITH 1 week ago EXTRAPOLATE",
        "account": {"name": "concur_eu2", "id": 3111938},
        "mobile": false,
        "presentation": {
            "transactions": {
                "color": "#e354af",
                "strokeWidth": 1.25,
                "fillOpacity": 0
            },
            "previous-transactions": {
                "color": "#4fc7b5",
                "strokeWidth": 1,
                "fillOpacity": 0
            }
        }
    }, {
        "name": "EU2 Invoice Submits Request Trend (Today vs Last week)",
        "url": "https://chart-embed.service.newrelic.com/herald/a80e0474-0ff5-4f42-8be2-9bd357766030?height=400px&timepicker=true",
        "keywords": "invoice",
        "query": "SELECT count(*) AS 'Invoice Submit Requests' FROM Transaction WHERE appName = 'expense-stable-imt' AND name LIKE 'WebTransaction/RequestAttribute/SubmitRequest' EXTRAPOLATE TIMESERIES 5 minutes SLIDE BY 1 minute SINCE 3 hours ago COMPARE WITH 1 week ago",
        "account": {"name": "concur_eu2", "id": 3111938},
        "mobile": false,
        "presentation": {
            "invoice-submit-requests": {
                "color": "#14b3d4",
                "strokeWidth": 1.25,
                "fillOpacity": 0
            },
            "previous-invoice-submit-requests": {
                "color": "#84c855",
                "strokeWidth": 1,
                "fillOpacity": 0
            }
        }
    }, {
        "name": "EU2 OAuth2 non-2xx HTTP Response Code Trend",
        "url": "https://chart-embed.service.newrelic.com/herald/89b7ebce-e1a1-4ce0-b65b-170beea2add7?height=400px&timepicker=true",
        "keywords": "auth",
        "query": "SELECT count(*) FROM Transaction WHERE appName = 'core-oauth2' AND httpResponseCode NOT LIKE '2%%' TIMESERIES 5 minutes SLIDE BY 1 minute SINCE 3 hours ago FACET httpResponseCode EXTRAPOLATE",
        "account": {"name": "concur_eu2", "id": 3111938},
        "mobile": false,
        "presentation": {
            "403": {
                "color": "#c11583",
                "strokeWidth": 1,
                "fillOpacity": 0.75
            },
            "400": {
                "color": "#46d2ef",
                "strokeWidth": 1,
                "fillOpacity": 0.75
            },
            "302": {
                "color": "#a4e278",
                "strokeWidth": 1,
                "fillOpacity": 0.75
            },
            "500": {
                "color": "#ff926e",
                "strokeWidth": 1,
                "fillOpacity": 0.75
            },
            "503": {
                "color": "#8e1061",
                "strokeWidth": 1,
                "fillOpacity": 0.75
            },
            "301": {
                "color": "#50c8b6",
                "strokeWidth": 1,
                "fillOpacity": 0.75
            },
            "other": {
                "color": "#1189a3",
                "strokeWidth": 1,
                "fillOpacity": 0.75
            }
        }
    }, {
        "name": "EU2 Travel Bookings Trend (Today vs Last week)",
        "url": "https://chart-embed.service.newrelic.com/herald/b95ad8f2-c5c4-41df-a55e-44ccda26d15d?height=400px&timepicker=true",
        "keywords": "travel",
        "query": "SELECT count(*) AS 'Bookings' FROM Transaction WHERE name in('WebTransaction/ASP/airsell.aspx', 'WebTransaction/ASP/carsell.aspx', 'WebTransaction/ASP/hotelsell.aspx') EXTRAPOLATE TIMESERIES 5 minutes SLIDE BY 1 minute SINCE 3 hours ago COMPARE WITH 1 week ago",
        "account": {"name": "concur_eu2", "id": 3111938},
        "mobile": false,
        "presentation": {
            "bookings": {
                "color": "#22a693",
                "strokeWidth": 1.25,
                "fillOpacity": 0
            },
            "previous-bookings": {
                "color": "#fec21e",
                "strokeWidth": 1.25,
                "fillOpacity": 0
            }
        }
    }]
}, {
    "datacenter": "USPSCC",
    "dashboards": [{
        "name": "USPSCC Logins Success/Failure Trend",
        "url": "https://chart-embed.service.newrelic.com/herald/a575aaf3-b15b-4b9f-bca2-c0e81c36476e?height=400px&timepicker=true",
        "keywords": "login",
        "query": "SELECT count(*) FROM Transaction WHERE name like 'WebTransaction/Uri/cte-authn/v0/LoginStatsService/RecordLogi%' AND boolean(sampled) IS TRUE TIMESERIES 5 minutes SLIDE BY 1 minute SINCE 3 hours ago EXTRAPOLATE FACET cases(WHERE name LIKE 'WebTransaction/Uri/cte-authn/v0/LoginStatsService/RecordLogi%' AS 'Success', WHERE name = 'WebTransaction/Uri/cte-authn/v0/LoginStatsService/RecordLoginFailure/' AS 'Failure')",
        "account": {"name": "prod_uspscc_hsm", "id": 2439350},
        "mobile": false,
        "presentation": {
            "success": {
                "color": "#1189a3",
                "strokeWidth": 2,
                "fillOpacity": 0.75
            }, "failed": {
                "color": "#649640",
                "strokeWidth": 1,
                "fillOpacity": 0.75
            },
            "other": {
                "color": "#1189a3",
                "strokeWidth": 1,
                "fillOpacity": 0.75
            }
        }
    }, {
        "name": "USPSCC Report Submits Trend (Today vs Last week)",
        "url": "https://chart-embed.service.newrelic.com/herald/d34f7fa3-c8f7-402d-af45-c630c9bda6dc?height=400px&timepicker=true",
        "keywords": "expense",
        "query": "SELECT count(*) AS 'Report Submits' FROM Transaction WHERE appName = 'expense-stable-emt' AND name = 'WebTransaction/RequestAttribute/SubmitReport' TIMESERIES 5 minutes SLIDE BY 1 minute SINCE 3 hours ago COMPARE WITH 1 week ago EXTRAPOLATE",
        "account": {"name": "prod_uspscc_hsm", "id": 2439350},
        "mobile": false,
        "presentation": {
            "report-submits": {
                "color": "#a35ebf",
                "strokeWidth": 1.25,
                "fillOpacity": 0
            },
            "previous-report-submits": {
                "color": "#f86e40",
                "strokeWidth": 1,
                "fillOpacity": 0
            }
        }
    }, {
        "name": "USPSCC Request Submits Trend (Today vs Last week)",
        "url": "https://chart-embed.service.newrelic.com/herald/3923b285-df1b-4bea-ba51-622ca33a23dd?height=400px&timepicker=true",
        "keywords": "request",
        "query": "SELECT count(*) AS 'Request Submits' FROM Transaction WHERE appName = 'expense-stable-emt' AND name like 'WebTransaction/RequestAttribute/SubmitARHeader' TIMESERIES 5 minutes SINCE 6 hours ago COMPARE WITH 1 week ago EXTRAPOLATE",
        "account": {"name": "prod_uspscc_hsm", "id": 2439350},
        "mobile": false,
        "presentation": {
            "request-submits": {
                "color": "#e354af",
                "strokeWidth": 1.25,
                "fillOpacity": 0
            },
            "previous-request-submits": {
                "color": "#4fc7b5",
                "strokeWidth": 1,
                "fillOpacity": 0
            }
        }
    }, {
        "name": "USPSCC OAuth2 HTTP Response Code Trend",
        "url": "https://chart-embed.service.newrelic.com/herald/68c558b4-4bdf-4d35-921d-42bc1942b9d5?height=400px&timepicker=true",
        "keywords": "auth",
        "query": "SELECT count(*) FROM Transaction WHERE appName = 'US-PSCC-OAUTH2' SINCE 3 hours ago TIMESERIES 5 minute SLIDE BY 1 minute FACET httpResponseCode LIMIT MAX EXTRAPOLATE",
        "account": {"name": "prod_uspscc_hsm", "id": 2439350},
        "mobile": false,
        "presentation": {
            "403": {
                "color": "#c11583",
                "strokeWidth": 1,
                "fillOpacity": 0.75
            },
            "200": {
                "color": "#c11583",
                "strokeWidth": 1,
                "fillOpacity": 0.75
            },
            "400": {
                "color": "#46d2ef",
                "strokeWidth": 1,
                "fillOpacity": 0.75
            },
            "302": {
                "color": "#a4e278",
                "strokeWidth": 1,
                "fillOpacity": 0.75
            },
            "500": {
                "color": "#ff926e",
                "strokeWidth": 1,
                "fillOpacity": 0.75
            },
            "503": {
                "color": "#8e1061",
                "strokeWidth": 1,
                "fillOpacity": 0.75
            },
            "301": {
                "color": "#50c8b6",
                "strokeWidth": 1,
                "fillOpacity": 0.75
            },
            "other": {
                "color": "#1189a3",
                "strokeWidth": 1,
                "fillOpacity": 0.75
            }
        }
    }, {
        "name": "USPSCC Travel Bookings Trend (Today vs Last week)",
        "url": "https://chart-embed.service.newrelic.com/herald/68a44fb6-6ade-4576-baaa-efe2fa9b4bae?height=400px&timepicker=true",
        "keywords": "travel",
        "query": "SELECT count(*) AS 'Success Bookings' FROM Transaction WHERE name like '%sell.aspx' TIMESERIES 5 minutes SLIDE BY 1 minute since 3 hours ago COMPARE WITH 1 week ago",
        "account": {"name": "prod_uspscc_hsm", "id": 2439350},
        "mobile": false,
        "presentation": {
            "success-bookings": {
                "color": "#22a693",
                "strokeWidth": 1.25,
                "fillOpacity": 0
            },
            "previous-success-bookings": {
                "color": "#fec21e",
                "strokeWidth": 1,
                "fillOpacity": 0
            }
        }
    }]
}]
